-- phpMyAdmin SQL Dump
-- version 3.5.1
-- http://www.phpmyadmin.net
--
-- Хост: 127.0.0.1
-- Время создания: Май 06 2015 г., 16:05
-- Версия сервера: 5.5.25
-- Версия PHP: 5.3.13

SET SQL_MODE="NO_AUTO_VALUE_ON_ZERO";
SET time_zone = "+00:00";


/*!40101 SET @OLD_CHARACTER_SET_CLIENT=@@CHARACTER_SET_CLIENT */;
/*!40101 SET @OLD_CHARACTER_SET_RESULTS=@@CHARACTER_SET_RESULTS */;
/*!40101 SET @OLD_COLLATION_CONNECTION=@@COLLATION_CONNECTION */;
/*!40101 SET NAMES utf8 */;

--
-- База данных: `ishop`
--

-- --------------------------------------------------------

--
-- Структура таблицы `brands`
--

CREATE TABLE IF NOT EXISTS `brands` (
  `brand_id` tinyint(3) unsigned NOT NULL AUTO_INCREMENT,
  `brand_name` varchar(255) NOT NULL,
  `parent_id` tinyint(3) unsigned NOT NULL,
  PRIMARY KEY (`brand_id`)
) ENGINE=InnoDB  DEFAULT CHARSET=utf8 AUTO_INCREMENT=32 ;

--
-- Дамп данных таблицы `brands`
--

INSERT INTO `brands` (`brand_id`, `brand_name`, `parent_id`) VALUES
(1, 'Комплектуючі для комп''ютерів', 0),
(2, 'Процесори', 1),
(3, 'Кулери для процесорів', 1),
(4, 'Материнські плати', 1),
(5, 'Оперативна плата', 1),
(6, 'Комп''ютери та моноблоки', 0),
(7, 'Системні блоки', 6),
(8, 'Моноблоки', 6),
(9, 'Сервери', 6),
(10, 'Ноутбуки, планшети', 0),
(11, 'Ноутбуки', 10),
(12, 'Планшетні комп''ютери', 10),
(13, 'Сумки, рюкзаки, папки, чохли', 10),
(14, 'Охолоджуючі засоби захисту', 10),
(15, 'Монітори, телевізори, проектори', 0),
(16, 'Монітори', 15),
(17, 'Телевізори LCD', 15),
(18, '3D окуляри', 15),
(19, 'Проектори', 15),
(20, 'Принтери, сканери', 0),
(21, 'Принтери лазерні', 20),
(22, 'Принтери струменеві', 20),
(23, 'Принтери матричні', 20),
(24, 'Принтери штрихкодові', 20),
(25, 'Сканери', 20),
(26, 'Клавіатури, мишкі', 0),
(27, 'Мобільні телефони, аксесуари', 0),
(28, 'Флеш пам''ять, накопичувачі', 0),
(29, 'Мережеве обладнання', 0),
(30, 'Test', 29),
(31, 'test', 0);

-- --------------------------------------------------------

--
-- Структура таблицы `customers`
--

CREATE TABLE IF NOT EXISTS `customers` (
  `customer_id` int(11) unsigned NOT NULL AUTO_INCREMENT,
  `name` varchar(255) NOT NULL,
  `email` varchar(255) NOT NULL,
  `phone` varchar(255) DEFAULT NULL,
  `address` varchar(255) DEFAULT NULL,
  `login` varchar(20) CHARACTER SET utf8 COLLATE utf8_bin DEFAULT NULL,
  `password` varchar(32) DEFAULT NULL,
  `id_role` tinyint(3) unsigned NOT NULL DEFAULT '1',
  PRIMARY KEY (`customer_id`)
) ENGINE=InnoDB  DEFAULT CHARSET=utf8 AUTO_INCREMENT=13 ;

--
-- Дамп данных таблицы `customers`
--

INSERT INTO `customers` (`customer_id`, `name`, `email`, `phone`, `address`, `login`, `password`, `id_role`) VALUES
(1, 'ffsd', 's@.com', 'scd', 'das', 'user1', '202cb962ac59075b964b07152d234b70', 1),
(2, 'гость1', '111', '222', '333', NULL, NULL, 1),
(3, 'гость1', '111', '222', '333', NULL, NULL, 1),
(4, 'гость1', '111', '222', '333', NULL, NULL, 1),
(5, 'ощ', 'л', '6', 'о', NULL, NULL, 1),
(6, 'ощ', 'л', '6', 'о', NULL, NULL, 1),
(7, '3ук', 'fd@COM', '6', '333', NULL, NULL, 1),
(8, 'йцукен', 'fd@COM', '222', '333', NULL, NULL, 1),
(9, 'йцукен', 'fd@COM', '222', '333', NULL, NULL, 1),
(10, '123', 'ferf', '23', '3', 'user2', '202cb962ac59075b964b07152d234b70', 1),
(11, 'fe', 'fd@COM', 'ede', 'sd', NULL, NULL, 1),
(12, 'admin', 'e@.com', NULL, NULL, 'user3', '202cb962ac59075b964b07152d234b70', 2);

-- --------------------------------------------------------

--
-- Структура таблицы `dostavka`
--

CREATE TABLE IF NOT EXISTS `dostavka` (
  `dostavka_id` tinyint(4) unsigned NOT NULL AUTO_INCREMENT,
  `name` varchar(255) NOT NULL,
  PRIMARY KEY (`dostavka_id`)
) ENGINE=InnoDB  DEFAULT CHARSET=utf8 AUTO_INCREMENT=5 ;

--
-- Дамп данных таблицы `dostavka`
--

INSERT INTO `dostavka` (`dostavka_id`, `name`) VALUES
(1, 'Пересилка по пошті'),
(2, 'Кур''єром'),
(3, 'Самовивіз'),
(4, 'Інше, по згоді з менеджером');

-- --------------------------------------------------------

--
-- Структура таблицы `goods`
--

CREATE TABLE IF NOT EXISTS `goods` (
  `goods_id` int(11) unsigned NOT NULL AUTO_INCREMENT,
  `name` varchar(255) NOT NULL,
  `keywords` varchar(255) NOT NULL,
  `description` varchar(255) NOT NULL,
  `img` varchar(255) NOT NULL DEFAULT 'no_image.jpg',
  `goods_brandid` tinyint(4) unsigned NOT NULL,
  `anons` text NOT NULL,
  `content` text NOT NULL,
  `visible` enum('0','1') NOT NULL DEFAULT '1',
  `hits` enum('0','1') NOT NULL DEFAULT '0',
  `new` enum('0','1') NOT NULL DEFAULT '0',
  `sale` enum('0','1') NOT NULL DEFAULT '0',
  `price` float NOT NULL,
  `data` date NOT NULL,
  `img_slide` varchar(255) DEFAULT NULL,
  PRIMARY KEY (`goods_id`),
  KEY `hits` (`hits`),
  KEY `name` (`name`)
) ENGINE=InnoDB  DEFAULT CHARSET=utf8 AUTO_INCREMENT=41 ;

--
-- Дамп данных таблицы `goods`
--

INSERT INTO `goods` (`goods_id`, `name`, `keywords`, `description`, `img`, `goods_brandid`, `anons`, `content`, `visible`, `hits`, `new`, `sale`, `price`, `data`, `img_slide`) VALUES
(1, 'Ноутбук LENOVO B5030 (59-426063)', 'Ключові', 'Описування', 'no-index1.jpg', 11, '<p> Тип Ноутбук / Тип процесора Intel Celeron / Частота процесора 2.4 GHz / Діагональ дисплея 15.6 "/ Оперативна пам''ять 2048 Мб / Жорсткий диск 320 Гб / Відеокарта Intel HD Graphics </ p>', '<p> Даній ноутбук відрізняється стильним и компактним дизайном. Шірокоекранній дисплей має Дозвіл 1366x768 точок. ВІН прекрасно передает всі кольори без перекручувань. Потужний процесор Intel Celeron N2830 Забезпечує Швидко і точну роботу пристрою. \n\nНоутбук LENOVO B5030 підійде для роботи в офісі, а такоже для повсякдення Завдання вдома. За чітку и якісну графіку відповідає відеокарта Intel HD Graphics (Bay Trail). Для зручної роботи передбачені Вбудовані інтерфейси, Такі як HDMI, VGA, USB 2.0 и вісокошвідкісній USB 3.0. </ P>', '1', '0', '1', '1', 4099, '2014-10-29', ''),
(2, '   Ноутбук LENOVO G710ATBKTX3560M4G500RUA (59-428327)', 'Ключові', 'Описування', '2_2.jpg', 11, '<p> Тип Ноутбук / Тип процесора Intel Pentium / Частота процесора 2.4 GHz / Діагональ дисплея 17.3 "/ Оперативна пам''ять 4096 Мб / Жорсткий диск 500 Гб / Відеокарта NVIDIA GeForce </ p>', '<p> Даний ноутбук буде кращим помічником як в офісі, так і вдома. LENOVO G710 швидко впорається з великим об''ємом інформації, забезпечить повний комфорт в користуванні. \r\n\r\nЦя функціональна модель подарує Вам ідеальне якість зображення, потужний звук, можливість підключення зовнішніх пристроїв за допомогою портів USB, VGA і HDMI. \r\nЗавдяки вбудованим бездротовим технологіям Wi-Fi і Bluetooth Ви завжди будете на зв''язку. LENOVO G710ATBKTX - надійний помічник в будь-якій задачі. </ P>', '1', '0', '0', '0', 8599, '2014-10-29', '2_10.jpg|2_11.jpg|2_12.jpg|2_13.jpg|2_14.jpg'),
(3, 'Ноутбук LENOVO G700A (59-420805)', 'Ключові', 'Описування', '3_3.jpg', 11, '<p> Тип Ноутбук / Тип процесора Pentium M / Діагональ дисплея 17.3 "/ Оперативна пам''ять 4096 Мб / Жорсткий диск 500 Гб / Відеокарта nVidia GeForce GT 720M </ p>', '<p> Ноутбук Lenovo G700A має процесор Intel Pentium 2030M, який гарантує високу швидкість обробки файлів і поліпшену роботу в багатозадачному режимі. Допомагають йому в цьому також графічний адаптер nVidia GeForce GT 720M з 1 Гб відеопам''яті на борту і 4 Гб оперативної пам''яті типу DDR3. \r\n\r\nМиттєво передавайте дані між комп''ютерами та іншими пристроями через USB 3.0. Насолодитеся швидкістю, десятикратно перевищує швидкість передачі в USB раніших поколінь. \r\n\r\nСистема відновлення даних OneKey дозволяє швидко позбутися від вірусів і усунути інші технічні проблеми. Екран має діагональ в 17,3 дюйма і дозвіл 1600x900 точок. Lenovo G700A працює під управлінням операційної системи Windows 8. </ P>', '1', '1', '1', '1', 6699, '2014-10-29', ''),
(4, 'Ноутбук ASUS X751LDV-TY158D', 'Ключові', 'Описування', '4_1.jpg', 11, '<p> Тип Ноутбук / Тип процесора Intel Core i3 (IV покоління) / Діагональ дисплея 17.3 "/ Оперативна пам''ять 6144 Мб / Жорсткий диск 1000 Гб / Відеокарта NVIDIA GeForce GT820M </ p>', '<p>Цей надійний і комфортний в роботі ноутбук виконаний в класичному корпусі, який приємно тримати в руках. Екран діагоналлю 17.3 "має дозвіл 1920x1080 пікселів. У цій моделі також використовується відеоадаптер NVIDIA GeForce GT820M, так що якісне зображення додається. Перегляд фільмів і сучасні ігри принесуть вам величезне задоволення! \r\n\r\nАпаратна частина ноутбука ASUS X751LDV-TY158D представлена ​​процесором CPU Intel Core i3-4030U, оперативної пам''яті - 6 Гб, пам''яті на жорсткому диску - 1000 Гб. З такими параметрами у цього ноутбука є всі шанси завоювати ваше серце!</p>', '1', '1', '0', '0', 10199, '2014-10-29', ''),
(5, 'Ноутбук DELL Inspiron 3541', 'Ключові', 'Описування', '5_1.jpg', 11, '<p> Тип Ноутбук / Тип процесора AMD E1 / Частота процесора 1.35 GHz / Діагональ дисплея 15.6 "/ Оперативна пам''ять 2048 Мб / Жорсткий диск 500 Гб / Відеокарта AMD Radeon R2 </ p>', '<p> Класичний стильний ноутбук DELL Inspiron 3541 підійде для повсякденних завдань. Потужний процесор AMD серії Е забезпечить продуктивну і якісну роботу. Завдяки великому внутрішньому простору, Ви зможете зберігати свої фотографії, відео-ролики, документи та іншу інформацію. \r\n\r\nDELL Inspiron 3541 має компактні розміри і стильний дизайн. Дана модель ноутбука володіє всіма необхідними функціями для успішної роботи. </ P>', '1', '0', '0', '1', 4899, '2014-10-29', ''),
(6, 'Ноутбук DELL Inspiron 5547', 'Ключові', 'Описування', '6_1.jpg', 11, '<p>Тип Ноутбук / Тип процесора Intel Core i5 (IV покоління) / Діагональ дисплея 15.6 "/ Оперативна пам''ять 8192 Мб / Жорсткий диск 1024 Гб / Відеокарта AMD Radeon R7 M265</p>', '<p>DELL Inspiron 5547 - це новий вдосконалений ноутбук. Ця модель зроблена в стильному дизайні - зовнішня частина корпусу виконана переважно у світло-сірому кольорі, кришка зроблена з шліфованого алюмінію, на днище розташований кант з матового пластика. \r\n\r\nВ основі Inspiron 5547 лежить високопродуктивний процесор Intel четвертого покоління. Опціональний яскравий дисплей з підтримкою 10 одночасних дотиків дозволяє легко прокручувати, збільшувати або зменшувати зображення при роботі з документами та веб-серфінгу. \r\n\r\nНоутбук оснащений аудіосистемою Waves MaxxAudio, яка подарує Вам приємні години якісної музики.</p>', '1', '0', '0', '1', 12999, '2014-10-29', ''),
(7, 'Ноутбук HP ProBook 470 (F7Y27ES)', 'Ключові', 'Описування', '7_1.jpg', 11, '<p>Тип Ноутбук / Тип процесора Intel Core i5 (IV покоління) / Частота процесора 2.5 GHz / Діагональ дисплея 17.3 "/ Оперативна пам''ять 8192 Мб / Жорсткий диск 1000 Гб / Відеокарта AMD Radeon HD 8750M.</p>', '<p>Ноутбук HP ProBook 470 відомої американської компанії, відноситься до серії бізнес-ноутбуків. Обладнаний великим 17,3-дюймовим дисплеєм з роздільною здатністю 1600х900 пікселів. В HP ProBook 470 також присутні інтегрована веб-камера з роздільною здатністю 720р і повнорозмірна влагозащищенная клавіатура з блоком цифрових клавіш. HP ProBook 470 дозволяє виконувати найрізноманітніші операції, в тому числі в режимі багатозадачності. Дана модель оснащена сучасною відеокартою великим об''ємом ОЗУ і містким внутрішнім накопичувачем для постійного зберігання інформації.</p>', '1', '0', '1', '0', 10863, '2014-10-29', ''),
(8, 'Ноутбук HP Pavilion 17-f006er (J1X72EA)', 'Ключові', 'Описування', '8_1.jpg', 11, '<p>Тип Ноутбук / Тип процесора AMD A8 / Частота процесора 2.4 GHz / Діагональ дисплея 17.3 "/ Оперативна пам''ять 6144 Мб / Жорсткий диск 750 Гб / Відеокарта AMD Radeon R5 + Radeon R7 260</p>', '<p>Стильний ноутбук HP Pavilion 17-f006er J1X72EA - продуктивна модель, яка швидко реагує на всі Ваші дії, без затримки. Пристрій має подвійну графічних систему - AMD Radeon R5 + Radeon R7 260 з об''ємом пам''яті 2 гігабайти. \r\nЗа продуктивність і потужність відповідає процесор AMD A8-6410. \r\n\r\nHP Pavilion 17-f006er J1X72EA дозволить швидко працювати з документами, переглядати якісне відео. Передбачені інтерфейси USB 3.0, USB 2.0, HDMI, Bluetooth, а також мережева карта 10/100 і Wi-Fi 802.11b / g / n, забезпечать надійне з''єднання з зовнішніми носіями.<p>', '1', '0', '0', '0', 9599, '2014-10-29', ''),
(9, ' Ноутбук ACER Aspire E1-571G-33114G75MAKS (NX.M7CEU.036)', 'Ключові', 'Описування', '9_1.jpg', 11, '<p>Тип Ноутбук / Тип процесора Intel Core i3 (III покоління) / Частота процесора 2.4 GHz / Діагональ дисплея 15.6 "/ Оперативна пам''ять 4096 Мб / Жорсткий диск 750 Гб / Відеокарта NVIDIA GeForce 710M</p>', '<p>Данный ноутбук имеет конфигурацию, которая позволяет выполнять ежедневную работу качественно и без лишней потери времени. Двухъядерный процессор Intel® Core™ i3-3110M с тактовой частотой 2.4 ГГц гарантирует высокую скорость обработки файлов и улучшенную работу в многозадачном режиме. Помогают ему в этом дискретный графический адаптер NVIDIA GeForce 710M с видео памятью в 2 Гб и 4 Гб оперативной памяти типа DDR3. \r\nДисплей в ACER Aspire E1-571G построен на базе широкоформатной матрицы TN+film с диагональю 15.6 дюйма и разрешением 1366x768 точек. Его главными достоинствами являются отличная цветопередача, приближенная к реальности, отсутствие искажений и артефактов при отображении динамичных сцен. \r\nКроме того, вместительный жесткий диск объемом 750 Гб надежно сохранит Ваши файлы.</p>', '1', '1', '0', '0', 6738, '2014-10-29', ''),
(10, 'Ноутбук ACER E5-521-45Q4 (NX.MLFEU.011) Black', 'Ключові', 'Описування', '10_1.jpg', 11, '<p>Тип Ноутбук / Тип процесора Quad-Core A4 / Частота процесора 1.8 GHz / Діагональ дисплея 15.6 "/ Оперативна пам''ять 4096 Мб / Жорсткий диск 500 Гб / Відеокарта AMD Radeon R3</p>', '<p>15.6 дюймовий ноутбук ACER E5-521-45Q4 (NX.MLFEU.011) працює під управлінням чотириядерного процесора AMD Quad-Core A4-6210 з тактовою частотою 1.8 ГГц. Також ця модель оснащена 4 Гб оперативної пам''яті DDR3L і інтегрованою відеокартою AMD Radeon R3. Для зберігання інформації передбачено жорсткий диск об''ємом 500 Гб, якого цілком достатньо для того, щоб зберегти велику кількість фотографій, відео, музики та іншого контенту. Ноутбук ACER E5-521-45Q4 оснащений бездротовими технологіями Wi-Fi і Bluetooth і працює під управлінням ОС Linpus.</p>', '1', '0', '0', '0', 5999, '2014-10-29', ''),
(11, ' Клавіатура Sculpt Ergonomic Desktop', 'Ключові', 'Описування', 'к1.jpg', 26, '<p>Отримайте поєднання ергономічних переваг миші Sculpt Mouse і клавіатури Sculpt Ergonomic Keyboard в одному наборі.</p>', '<p>Удосконалений ергономічний дизайн\r\n\r\nКлавіатуру Sculpt Ergonomic Desktop створено на основі вдосконалених принципів ергономіки, з розділеною розкладкою клавіатури, яка тримає зап’ястя та передпліччя в розслабленому положенні, і з м’якою опорою для долонь, що дає зап’ястям відпочити. Купольна форма клавіатури сприяє зменшенню та виправленню згинання зап’ястя, що може спричинити біль і обмежену рухливість.\r\n\r\nСправжній комфорт для тривалої продуктивної роботи\r\n\r\nКлавіатуру Sculpt Ergonomic Desktop створено для продуктивної роботи та ергономічних відчуттів. Забезпечуючи розслеблену зручну роботу за комп’ютером, вона дає змогу працювти без стресів, напруження та дискомфорту інших клавіатур і мишей, які ви, можливо, використовували в минулому.\r\n\r\nУсе залежить від кутів\r\n\r\nРозкладка клавіатури "природна дуга" повторює вигини кінчиків пальців для природнішого набору тексту. Дизайн зі зворотним наклоном розміщує клавіатуру під правильним кутом, щоб зап’ястя було у прямому, нейтральному положенні. Крім того, форму миші розроблено для найкращого комфорту зап’ястя. А її кнопка Windows надає доступ до початкового екрана ОС Windows 8 одним дотиком.</p>', '1', '1', '0', '0', 1230, '2014-11-11', ''),
(12, 'Миша Sculpt Ergonomic Mouse', 'Ключові', 'Описування', 'м1.jpg', 26, '<p>Миша Sculpt Ergonomic Mouse, форма якої сприяє природнішому положенню руки, зап’ястя та передпліччя, ідеально інтегрується з ОС Windows 8 за допомогою кнопки, яка дозволяє одним дотиком відкрити початковий екран.</p>', '<p>Обтічні криві максимально збільшують комфорт\r\n\r\nУдосконалений дизайн миші Sculpt Ergonomic Mouse максимально збільшує комфорт зап’ястя, даючи змогу здійснювати навігацію без зусиль. Форми миші Sculpt Ergonomic Mouse, які сприяють природнішому положенню руки, зап’ястя та передпліччя, допомагають уникнути розладів через перенавантаження.\r\n\r\nСпрощена навігація\r\n\r\nМиша Sculpt Ergonomic Mouse чудово інтегрується з ОС Windows 8. Просто натисніть кнопку Windows, щоб одним дотиком отримати доступ до початкового екрана.</p>', '1', '0', '0', '1', 719, '2014-11-11', ''),
(13, 'Миша Sculpt Comfort Mouse', 'Ключові', 'Описування', 'м2.jpg', 26, '<p>Блакитна сенсорна смуга Windows на миші Sculpt Comfort Mouse надає простий і швидкий доступ до ваших улюблених функцій ОС Windows 8. Натисніть смугу, щоб відкрити початковий екран, проведіть пальцем по смузі вгору, щоб переключитися між відкритими програмами, або вниз, щоб відобразити всі відкриті програми.</p>', '<p>Унікальна миша Windows\r\n\r\nБлакитна сенсорна смуга Windows на миші Sculpt Comfort Mouse повністю змінює зв’язок між комп’ютерними аксесуарами та програмним забезпеченням, надаючи простий і швидкий доступ до ваших улюблених функцій ОС Windows 8. Переходьте на початковий екран і відкривайте програми швидше. Натисніть по центру гладкої блакитної смуги для переключення між поточною програмою та початковим екраном. Або просто проведіть пальцем по смузі вгору, щоб переключатися між відкритими програмами, чи вниз, щоб відобразити всі відкриті програми та вибрати потрібну.\r\n\r\nУпорядкуйте свої завантажені дні\r\n\r\nПростота та швидкість сенсорної смуги Windows гарантують точне та зручне виконання роботи. Крім того, завдяки своєму інтуїтивному сучасному дизайну та високій функціональності миша Sculpt Comfort Mouse стає ідеальним доповненням до ОС Windows 8.\r\n\r\nПродовжуйте працювати в дорозі\r\n\r\nМиша Sculpt Comfort Mouse має функцію підключення Bluetooth, тож ви можете легко підключити пристрій до ПК або планшета й не турбуватися про кабелі або приймачі-передавачі. До того ж її технологія BlueTrack Тechnology працює практично на будь-якій поверхні. Дизайн із вирізом великого пальця для роботи правою рукою та коліщатко прокручування, яке можна нахиляти, дають змогу зручно та швидко прокручувати ліворуч, праворуч, вгору та вниз.</p>', '1', '1', '0', '0', 479, '2014-11-11', ''),
(14, 'Планшетний ПК 8.0 "Atlas TAB R80 Quantum Quad core;', 'Ключові', 'Описування', 'pl_1.jpg', 12, '<p>ПЛАНШЕТНИЙ ПК 8.0 "ATLAS TAB R80 QUANTUM QUAD CORE; ЄМНІСНИЙ; 1024 Х 768; IPS-матриці; ALLWINNER A31S (1,2 GHZ); 1024MB DDR3; 8GB FLASH; ANDROID 4.2</p>', '<p>Представляємо планшетний ПК з ємнісним екраном високої роздільної здатності та якісної IPS матрицею з популярною і затребуваність діагоналлю екрана 8 "і роздільною здатністю 1024x768 пікселів, (Retina Display) на свіжій операційній системі - Android 4.2. Платформа пристрої на базі потужного чотирьохядерного процесора AllWinnner A31s (1.2 GHz) . Відмінно підходить для перегляду фільмів, читання книг, путешествовія по мережі інтернет, роботи з документами, відеоспілкування в скайпі, та ін. Апаратні можливості дозволяють відтворювати практично всі популярні мультимедіа формати AVI, MP4, MKV, WMV, MOV і пр., а також грати в сучасні 3D ігри.</p>', '1', '1', '0', '0', 3800, '2014-11-12', ''),
(15, 'Планшетний ПК Samsung Galaxy Tab 4 8.0 16GB (Ebony Black) SM-T330YKA', 'Ключові', 'Описування', 'pl2_1.jpg', 12, '<p>Проц .: 1,2 GHz 4-х''ядерний. ОС: Android 4.4.2.\r\nЕкран: 8 '''' WXGA (1280 * 800) LCD.\r\nОперативна пам''ять: 1.5 ГБ\r\nПЗУ: 16 Gb + microSD.\r\nВідео: 3gp, asf, avi, mpeg4, mp4, wmv, flv, mkv, webm.</p>', '<p>Аудіо: aac, amr, imy, m4a, mp3, ogg, wav, wma, 3gp,\r\n3ga, mp4, flac, mid, xmf, mxmf, rtttl, rtx, ota, asf.\r\nФото: jpeg, bmp, png, gif. Текст: pdf, doc, xls, ppt.\r\nКомунікації: Wi-Fi a / b / g / N, BT3.0 c A2DP.\r\nКамера: фронтальна 1,3MPix, задня 3MPix.\r\nІнтерфейс: microUSB, microSD, headphone.\r\nДоп-но: GPS / ГЛОНАСС, динаміки, G-сенсор,\r\nдатчик освітленості, геомагнітний датчик.\r\nКомплект.: Li-Ion 4450 mAh (вбудований.), Мережевий\r\nадаптер, microUSB. Гарантія: 12 місяців.</p>', '1', '0', '0', '1', 3600, '2014-11-12', ''),
(16, 'Планшетний ПК Samsung Galaxy Tab 3 7.0 8GB SM-T111 White', 'Ключові ', 'Описування', 'pl3_3.jpg', 12, '<p>Процесор: Dual Core Marvell PXA986 1.2 GHz\r\nЕкран: 7 ''1024x600\r\nОпераційна система: Android 4.2\r\nОперативна пам''ять: 1 ГБ\r\nЄмність накопичувача: 8 ГБ\r\nПідтримка карт пам''яті: microSD / microSDHC</p>', '<p>процесор: Dual Core Marvell PXA986 1.2 GHz\r\nЕкран: 7 ''1024x600\r\nОпераційна система: Android 4.2\r\nОперативна пам''ять: 1 ГБ\r\nЄмність накопичувача: 8 ГБ\r\nПідтримка карт пам''яті: microSD / microSDHC\r\nБездротовий зв''язок: Wi-Fi a / b / g / n, Bluetooth 3.0, GPS; 3G\r\nІнтерфейси: Роз''єм 3.5 мм, micro USB 2.0\r\nКамери: Тилова 2Mp, Фронтальна немає\r\nБатарея: Вбудована літій-полімерна, 3600 мАг\r\nРозміри (Ш х Г х В): 193.4 x 116.4 x 9.7 мм\r\nВага: 310 г\r\nКолір: White\r\nГарантія: 12 місяців</p>', '1', '0', '0', '1', 2400, '2014-11-12', ''),
(17, 'Сумка для ноутбука Continent СС-02 Black  ', 'Ключові', 'Описування', 'sy1.jpg', 13, '<p>Сумка Діагональ дисплея, дюйми 15-16 Матеріал Синтетика Опис Карман-органайзер застібається на блискавку. Додаткова задня кишеня на "липучці". Карман для документів. Кишені для CD.Размери відділення для комп''ютера (ширина x висота x глибина), см 40 x 31 x 4.5 смРазмери (ширина х висота х глибина)\r\nДетальніше: http://allo.ua/ru/products/37/continent-cc-02.html</p>', '<p>Сумка Діагональ дисплея, дюйми 15-16 Матеріал Синтетика Опис Карман-органайзер застібається на блискавку. Додаткова задня кишеня на "липучці". Карман для документів. Кишені для CD.Размери відділення для комп''ютера (ширина x висота x глибина), см 40 x 31 x 4.5 смРазмери (ширина х висота х глибина)\r\nДетальніше: http://allo.ua/ru/products/37/continent-cc-02.html</p>', '1', '1', '0', '0', 347, '2014-11-12', ''),
(18, 'Сумка для ноутбука Continent CC-02 15,6" Chocolate  ', 'Ключові', 'Описування', 'sy2_1.jpg', 13, '<p>Вид Сумка Діагональ дисплея, дюйми 15-16 Матеріал Нейлон Опис Вид сумки: класична, зовнішні розміри: 41 x 31 x 9 см, основне відділення: 40 x 30 x 5 см\r\nДетальніше: http://allo.ua/ru/products/37/continent-cc-02-15-6-chocolate.html</p>', '<p>Вид Сумка Діагональ дисплея, дюйми 15-16 Матеріал Нейлон Опис Вид сумки: класична, зовнішні розміри: 41 x 31 x 9 см, основне відділення: 40 x 30 x 5 см\r\nДетальніше: http://allo.ua/ru/products/37/continent-cc-02-15-6-chocolate.html\r\nГарантійний термін 14 місяців Додатково Характеристики та комплектація товару можуть бути змінені виробником без повідомлення. Обмін та повернення товару Обмін і повернення товару здійснюється протягом 14 днів після покупки, відповідно до закону України "Про захист прав споживачів України"\r\nДетальніше: http://allo.ua/ru/products/37/continent-cc-02-15-6-chocolate.html</p>', '1', '1', '0', '0', 381, '2014-11-12', ''),
(19, 'Zalman ZM-NC3 Black', 'Ключові', 'Описування', 'oh1.jpg', 14, '<p>Аеродинамічній кулер розроблений для ноутбуків, перевага Zalman ZM-NC2000NT мінімальний шум і зручність користувачів.</p>', '<p>Виробник\r\nZalman\r\nТип аксесуара\r\nохолоджуючі підставки\r\nсумісність\r\nДля ноутбуків діагоналлю до 17 "\r\nГарантія\r\n6 місяців</p>', '1', '0', '0', '1', 369, '2014-11-12', ''),
(20, 'Cooler Master ErgoStand Basic black (R9-NBS-4UBK)', 'Ключові', 'Описування', 'oh2_2.jpg', 14, '<p>Основні особливості:\r\n\r\n5 позицій нахилу\r\nТихий 140 мм вентилятор\r\nПерфорація по всій площі робочої поверхні\r\nСпеціальні кліпси для укладання кабелю\r\nСпеціальні упори для утримання ноутбука\r\nСумісний з ноутбуками 17 "</p>', '<p>ErgoStand Basic - це рішення, яке здатне надати Вам не тільки охолодження портативного комп''ютера, розміщеного на підставці, а й широкий контроль над ергономікою робочого місця. П''ять позицій нахилу дозволяють вибрати найбільш підходяще для Вас положення клавіатури ноутбука і тим самим знизити стомлюваність рук і очей при тривалій роботі. Повністю перфорована металева робоча панель забезпечує безперешкодний рух повітряного потоку, створюваного тихим 140 мм вентилятором. Спеціальні упори запобігають зісковзування ноутбука з робочої поверхні підставки. ErgoStand Basic підходить для використання з ноутбуками до 17 ".</p>', '1', '1', '0', '1', 602, '2014-11-12', ''),
(21, 'Cooler Master Comforter Mini (C-HS03-KA)', 'Ключові', 'Описування', 'oh3_4.jpg', 14, '<p>\r\nОсновні особливості:\r\n\r\nЗахищає ваші коліна від тепла ноутбука.\r\nМ''яка конструкція для комфортного використання при розміщенні на колінах.\r\nУнікальний ергономічний дизайн.\r\nУвігнута канавка забезпечує кращий потік повітря для відведення тепла.\r\nДодаткові поглиблення для кабелю і різних предметів.\r\nСумісність з ноутбуками з діагоналлю 9-17 "</p>', '<p>Cooler Master Comforter Mini - підставка для ноутбука, яка поєднує в собі чудову ергономіку і зручний дизайн. Відмінний дизайн підставки розроблений для забезпечення комфортної роботи користувача. Завдяки своїй унікальній зігнутої і кутовий конструкції, може легко використовуватися трьома різними способами: на столі, на колінах, а також легко утримується на одній нозі.\r\n\r\nКрива поверхня верхньої частини забезпечує потік повітря до ноутбука, а м''яка нижня допомагає відчувати себе комфортно при роботі. Вона стійка на поверхні, що дуже зручно для користувачів так, як оберігає ноутбук від падінь через нестійку установки. Елегантний і привабливий вигляд, простий, але ефективний - ідеально підходить як для використання в офісі, так і вдома або на відпочинку.</p>', '1', '0', '0', '1', 315, '2014-11-12', ''),
(22, 'HP LaserJet P1102w (CE658A)', 'Ключові', 'Описування', 'pr_l_1.jpg', 21, '<p>Тип принтера лазерна\r\nТип друку монохромна\r\nсистема друку\r\nМаксимальний формат друку A4 (21x29.7 см)\r\nМаксимальна швидкість монохромного друку 18 стор. / Хв.\r\nінтерфейс\r\nІнтерфейси підключення USB, Wi-Fi b / g / n</p>', '<p>Тип принтера лазерна\r\nТип друку монохромна\r\nсистема друку\r\nМаксимальний формат друку A4 (21x29.7 см)\r\nМаксимальна роздільна здатність при друку 600 х 600 dpi (ефективний дозвіл 1200 т / д з технологією HP FastRes 1200)\r\nЧас виходу першої сторінки 8.5 сек.\r\nМаксимальна швидкість монохромного друку 18 стор. / Хв.\r\nподача паперу\r\nКількість лотків для подачі 1\r\nМісткість лотків для подачі 150 листів (слот пріоритетною подачі на 10 аркушів)\r\nМісткість вихідного лотка 100 аркушів (лицьова сторона вниз)\r\nЩільність паперу 60-163 г / м²\r\nПідтримувані формати паперу (основний лоток) A4; A5; A6; B5; поштові листівки; конверти (C5, DL, B5)\r\nпроцесор\r\nЧастота процесора 266 МГц\r\nпам''ять\r\nОперативна пам''ять (ОЗУ) 8 Мб\r\nМожливість розширення оперативної пам''яті до 8 Мб\r\nінтерфейс\r\nІнтерфейси підключення USB, Wi-Fi b / g / n\r\nенергоспоживання\r\nМаксимальна споживана потужність 370 Вт\r\nСередня споживана потужність в режимі очікування 2.7 Вт\r\nРекомендовані параметри\r\nМісячний обсяг друку 250-1500 стр.\r\nфізичні характеристики\r\nШирина 349 мм\r\nВисота 228 мм\r\nГлибина 196 мм\r\nВага 5.3 кг\r\nрозміри упаковки\r\nШирина 400 мм\r\nВисота 298 мм\r\nГлибина 250 мм</p>', '1', '0', '0', '1', 2628, '2014-11-12', ''),
(23, 'CANON i-SENSYS LBP-6200D', 'Ключові', 'Описування', 'pr_l_2.jpg', 21, '<p>Тип принтера лазерна\r\nТип друку монохромна\r\nсистема друку\r\nМаксимальний формат друку A4 (21x29.7 см)\r\nМаксимальна швидкість монохромного друку 25 стор. / Хв.\r\nінтерфейс\r\nІнтерфейси підключення USB</p>', '<p>Тип принтера лазерна\r\nТип друку монохромна\r\nсистема друку\r\nМаксимальний формат друку A4 (21x29.7 см)\r\nМаксимальна роздільна здатність при друку 600 х 600 dpi\r\nЧас прогріву 10 сек. (0.5 із сплячого режиму)\r\nЧас виходу першої сторінки 6 сек.\r\nМаксимальна швидкість монохромного друку 25 стор. / Хв.\r\nподача паперу\r\nМісткість лотків для подачі 250 листів (відділення для ручної подачі на 1 аркуш)\r\nМісткість вихідного лотка 100 аркушів (лицьовою стороною вниз)\r\nЩільність паперу 60-163 г / м² (Звичайний папір, щільний папір, прозорі плівки, папір для друку етикеток, каталожні картки, конверти)\r\nПідтримувані формати паперу (основний лоток) ширина 76.2 х 215.9 мм х довжина 187 х 355.6 мм\r\nЖК-дисплей\r\nПараметри дисплея 1 світлодіодний індикатор, 1 кнопка управління\r\nінтерфейс\r\nІнтерфейси підключення USB\r\nенергоспоживання\r\nМаксимальна споживана потужність 1200 Вт\r\nСередня споживана потужність при друку 280 Вт\r\nСередня споживана потужність в режимі очікування 1.6 Вт\r\nРекомендовані параметри\r\nМісячний обсяг друку 8000 стр.\r\nфізичні характеристики\r\nШирина 379 мм\r\nВисота 243 мм\r\nГлибина 293 мм\r\nВага 7 кг</p>', '1', '1', '0', '0', 3024, '2014-11-12', ''),
(24, 'Принтер CANON PIXMA Pro9500 MARK II (3298B009) струменевий', 'Ключові', 'Описування', 'pr_s_2.jpg', 22, '<p>Тип принтера: Фотопринтери\r\nТехнологія друку: струйна\r\nКольоровість друку: кольорова (6 кольорів)\r\nФормат друку: A3+, A3, B4, A4, B5, A5, Letter, Legal, 25x30 см, 20х25 см, 13x18 см, 10x15 см\r\nРоздільна здатність друку: 4800х1200 dpi\r\nШвидкість ч/б друку: 16 чб. стор/хв\r\nШвидкість кол. друку: 15 кол. стор/хв\r\nНавантаження стор/міс: н/д\r\nОсобливості: Друк на CD/DVD/MCD\r\nЛотки подачі (макс): 150 листів\r\nЛотки прийому (макс): 50 листів\r\nІнтерфейс: USB 2.0\r\nПідтримка ОС: Win 2000/XP/Vista, Mac OS X 10.3.9 та вище\r\nКартридж: PGI-9PBK, PGI-9MBK, PGI-9GY, PGI-9C, PGI-9M, PGI-9Y, PGI-9PC, PGI-9PM, PGI-9R, PGI-9G</p>', '<p>CANON PIXMA Pro9500 MARK II (3298B009) - це втілення багаторічних досягнень Canon в області обробки зображень. Він дозволяє створювати зображення професійної якості. Стандартна швидкість друку в чорно-білому режимі тепер майже втричі вище, ніж раніше, а система ChromaLife100 з вісьмома роздільними картріджами з чорнилом забезпечує виняткову точність перенесення кольорів. Модель PIXMA Pro9500 Mark II дозволяє фотографам використовувати широкий спектр матеріалів для друку. У Canon є власна лінійка, в яку входять глянсовий, напівглянсовий і матовий фотопапір, а також матеріали для художнього друку.За допомогою принтера PIXMA Pro9500 Mark II можна друкувати фотографії і на різних спеціальних матеріалах, таких як баритований папір, полотно і безліч інших продуктів провідних виробників.У моделі PIXMA Pro9500 Mark II уперше релизована функція корекції освітлення заснована на технології Canon Kyuanos. Користувач може вибирати тип освітлення, при якому демонструватимуться фотографії; на підставі цих даних відбувається автоматична корекція кольорів, в результаті якої зображення виглядають саме так як того хоче фотограф.\r\nТип принтера: Фотопринтери\r\nТехнологія друку: струйна\r\nКольоровість друку: кольорова (6 кольорів)\r\nФормат друку: A3+, A3, B4, A4, B5, A5, Letter, Legal, 25x30 см, 20х25 см, 13x18 см, 10x15 см\r\nРоздільна здатність друку: 4800х1200 dpi\r\nШвидкість ч/б друку: 16 чб. стор/хв\r\nШвидкість кол. друку: 15 кол. стор/хв\r\nНавантаження стор/міс: н/д\r\nОсобливості: Друк на CD/DVD/MCD\r\nЛотки подачі (макс): 150 листів\r\nЛотки прийому (макс): 50 листів\r\nІнтерфейс: USB 2.0\r\nПідтримка ОС: Win 2000/XP/Vista, Mac OS X 10.3.9 та вище\r\nКартридж: PGI-9PBK, PGI-9MBK, PGI-9GY, PGI-9C, PGI-9M, PGI-9Y, PGI-9PC, PGI-9PM, PGI-9R, PGI-9G</p>', '1', '0', '0', '1', 1111, '2014-11-12', ''),
(25, 'Принтер CANON PIXMA Pro9000 MARK II (3295B009) струменевий', 'Ключові', 'Описування', 'pr_s_1.jpg', 22, '<p>Тип принтера: Фотопринтери\r\nТехнологія друку: струйна\r\nКольоровість друку: кольорова (6 кольорів)\r\nФормат друку: A3+, A3, B4, A4, B5, A5, Letter, Legal, 25x30 см, 20х25 см, 13x18 см, 10x15 см\r\nРоздільна здатність друку: 4800х1200 dpi\r\nШвидкість ч/б друку: 16 чб. стор/хв\r\nШвидкість кол. друку: 15 кол. стор/хв\r\nНавантаження стор/міс: н/д\r\nОсобливості: Друк на CD/DVD/MCD\r\nЛотки подачі (макс): 150 листів\r\nЛотки прийому (макс): 50 листів\r\nІнтерфейс: USB 2.0\r\nПідтримка ОС: Win 2000/XP/Vista, Mac OS X 10.3.9 та вище\r\nКартридж: CLI-8(Bk) (400 стр), CLI-8 (C, M, Y, PC, PM, R, G)</p>', '<p>CANON PIXMA Pro9000 MARK II (3295B009) - це втілення багаторічних досягнень Canon в області обробки зображень. Він дозволяє створювати зображення професійної якості. Стандартна швидкість друку в чорно-білому режимі тепер майже втричі вище, ніж раніше, а система ChromaLife100 з вісьмома роздільними картріджами з чорнилом забезпечує виняткову точність перенесення кольорів. Модель PIXMA Pro9000 Mark II дозволяє фотографам використовувати широкий спектр матеріалів для друку. У Canon є власна лінійка, в яку входять глянсовий, напівглянсовий і матовий фотопапір, а також матеріали для художнього друку.За допомогою принтера PIXMA Pro9000 Mark II можна друкувати фотографії і на різних спеціальних матеріалах, таких як баритований папір, полотно і безліч інших продуктів провідних виробників.У моделі PIXMA Pro9000 Mark II уперше релизована функція корекції освітлення заснована на технології Canon Kyuanos. Користувач може вибирати тип освітлення, при якому демонструватимуться фотографії; на підставі цих даних відбувається автоматична корекція кольорів, в результаті якої зображення виглядають саме так як того хоче фотограф.\r\nТип принтера: Фотопринтери\r\nТехнологія друку: струйна\r\nКольоровість друку: кольорова (6 кольорів)\r\nФормат друку: A3+, A3, B4, A4, B5, A5, Letter, Legal, 25x30 см, 20х25 см, 13x18 см, 10x15 см\r\nРоздільна здатність друку: 4800х1200 dpi\r\nШвидкість ч/б друку: 16 чб. стор/хв\r\nШвидкість кол. друку: 15 кол. стор/хв\r\nНавантаження стор/міс: н/д\r\nОсобливості: Друк на CD/DVD/MCD\r\nЛотки подачі (макс): 150 листів\r\nЛотки прийому (макс): 50 листів\r\nІнтерфейс: USB 2.0\r\nПідтримка ОС: Win 2000/XP/Vista, Mac OS X 10.3.9 та вище\r\nКартридж: CLI-8(Bk) (400 стр), CLI-8 (C, M, Y, PC, PM, R, G)</p>', '1', '1', '0', '1', 11111, '2014-11-12', ''),
(26, 'EPSON LQ-50 (C11CB12031)', 'Ключові', 'Описування', 'pr_m_21.jpg', 23, '<p>\r\nДрук\r\nШвидкість друку 300 зн / сек\r\nШирина друкованого поля 50 колонок (при 10 cpi)\r\nКількість примірників, до 3 аркушів (оригінал + копії)\r\nІнформація про папері\r\nІнтерфейс USB, LPT</p>', '<p>Друк\r\nКількість голок 24 шт\r\nШвидкість друку 300 зн / сек\r\nШвидкість друку (High speed draft, 10 cpi) 300 з / с\r\nШвидкість друку (High speed draft, 12 cpi) 360 з / с\r\nШвидкість друку (Draft, 10 cpi) 225 з / с\r\nШвидкість друку (Draft, 12 cpi) 270 з / с\r\nШвидкість друку (Near letter quality, 10 cpi) 75 з / с\r\nШвидкість друку (Near letter quality, 12 cpi) 90 з / с\r\nШирина друкованого поля 50 колонок (при 10 cpi)\r\nКількість примірників, до 3 аркушів (оригінал + копії)\r\nДозвіл друку 360 dpi\r\nІнформація про папері\r\nМаксимальна висота папери 101.6 - 558.8 мм\r\nМаксимальна ширина паперу 101.6 - 152.4 мм\r\nМаксимальна товщина паперу 0,25 мм (один лист)\r\nІнтерфейс USB, LPT\r\nінші специфікації\r\nНапрацювання на відмову 10000 годин\r\nШирина 275 мм\r\nВисота 240 мм\r\nГлибина 153 мм\r\nВага 3.3 кг</p>', '1', '0', '0', '1', 3978, '2014-11-12', ''),
(27, 'EPSON LX-350 (C11CC24031) ', 'Ключові', 'Описування', 'pr_m_11.jpg', 23, '<p>Друк\r\nШвидкість друку 347 зн / сек\r\nШирина друкованого поля 80 колонок (при 10 cpi)\r\nКількість примірників, до 5 аркушів (оригінал + копії)\r\nІнформація про папері\r\nІнтерфейс USB, COM</p>', '<p>Друк\r\nКількість голок 9 шт\r\nШвидкість друку 347 зн / сек\r\nШвидкість друку (High speed draft, 10 cpi) 347 з / с\r\nШвидкість друку (High speed draft, 12 cpi) 357 з / с\r\nШвидкість друку (Draft, 10 cpi) 260 з / с\r\nШвидкість друку (Draft, 12 cpi) 312 з / с\r\nШвидкість друку (Near letter quality, 10 cpi) 65 з / с\r\nШвидкість друку (Near letter quality, 12 cpi) 78 з / с\r\nШирина друкованого поля 80 колонок (при 10 cpi)\r\nКількість примірників, до 5 аркушів (оригінал + копії)\r\nІнформація про папері\r\nМаксимальна товщина паперу 0.52 мм\r\nІнтерфейс USB, COM\r\nінші специфікації\r\nНапрацювання на відмову 10000 годин\r\nШирина 362 мм\r\nВисота 154 мм\r\nГлибина 275 мм\r\nВага 4.1 кг\r\nдодаткові характеристики\r\nНомінальна частота, Гц 50-60\r\nВизначення товщини носія: ручне</p>', '1', '1', '0', '0', 4068, '2014-11-12', '');
INSERT INTO `goods` (`goods_id`, `name`, `keywords`, `description`, `img`, `goods_brandid`, `anons`, `content`, `visible`, `hits`, `new`, `sale`, `price`, `data`, `img_slide`) VALUES
(28, 'ПРИНТЕР ДЛЯ ПРЕСИ ЧЕКОВ EPSON TM-T20 USB термопринтером, термальні, штрихкод', 'Ключові', 'Описування', 'pr_sh_11.jpg', 24, '<p>Основні\r\nВиробник Epson\r\nКраїна виробник Китай\r\nМетод друку Термопечать\r\nШвидкість друку 150.0 (мм / с)\r\nМаксимальна ширина друку 80.0 (мм)\r\nДіаметр рулону 83 (мм)\r\nТип намотування універсальна\r\nІнтерфейс для підключення зовнішніх пристроїв USB</p>', '<p>Термальний принтер для друку чеків середнього рівня\r\n\r\n \r\n\r\nТермальний принтер для друку чеків Висока якість друку (203 dpi) Розмір паперової стрічки: 58 і 80 мм (Ш) х 83 мм (Диам.) Пластиковий обмежувач в комплекті Максимальна швидкість друку 150 мм / сек Функція масштабування шрифту Вбудовані штрих-коди USB або COM інтерфейс Підтримка Windows, Mac, Linux Вбудований блок живлення AC кабель в комплекті Настінний кронштейн в комплекті Відповідає стандарту споживання енергії Energy Star\r\n\r\n \r\n\r\nЧековий принтер TM-T20 від Epson призначений для інтеграції в POS системи підприємств сфери торгівлі та громадського харчування. Рішення забезпечує ефективну друк платіжних документів і гнучко інтегрується з системами автоматизації.\r\n\r\n \r\n\r\nОбслуговування на високому рівні\r\n\r\n \r\n\r\n \r\n\r\nПринтер TM-T20 забезпечує швидке і ефективне обслуговування покупців на точці продажів завдяки високій швидкості термальною друку, що досягає 150 мм / сек. Висока роздільна здатність друку (203 dpi) гарантує якісну передачу текстової інформації, відтворення логотипів і штрих-кодів на чеку.\r\n\r\n \r\n\r\nІнформативність чека або економічність\r\n\r\n \r\n\r\nTM-T20 підтримує друк на рулонної папері шириною 58 і 80 мм. Користувач може вибрати друк на широкій папері, щоб забезпечити високу інформативність чека або віддати перевагу друк на вузькому носії з метою скорочення витрат на витратні матеріали. Для друку на паперовій стрічці шириною 58 мм буде потрібно встановити пластиковий обмежувач, який поставляється в комплекті з принтером.\r\n\r\n \r\n\r\nНизька вартість володіння\r\n\r\n \r\n\r\nEpson заявляє 360000 годин напрацювання принтера на відмову. Високий показник надійності забезпечує довготривалу роботу принтера без збоїв і, як наслідок, мінімальні витрати на ремонт і обслуговування принтера. Крім того, TM-T20 відповідає стандарту споживання енергії Energy Star, що гарантує низькі витрати власника на електроенергію.\r\n\r\n \r\n\r\nзручність установки\r\n\r\n \r\n\r\nTM-T20 може встановлюватися в горизонтальному і вертикальному положеннях, а також підвішуватися на стіну за допомогою спеціального кріплення, яке включено в стандартну комплектацію.\r\n\r\n \r\n\r\nПринтер спроектований таким чином, щоб при вертикальній установці і горизонтальній установці впритул до стіни, кришка принтера вільно відкривалася. Такий дизайн сприяє мінімізації простору, необхідного для розміщення принтера, що актуально для автоматизації обмежених касових зон.\r\n\r\n \r\n\r\nгнучкість підключення\r\n\r\n \r\n\r\nTM-T20 підтримує всі існуючі операційні системи (Windows, Linux, Mac). Блок живлення вмонтований в принтер, АС кабель включений в комплект поставки. Принтер поставляється з USB інтерфейсом.</p>', '1', '1', '0', '0', 2999, '2014-11-12', ''),
(29, 'Сканери', 'Ключові', 'Описування', 'sk2.jpg', 25, '<p>Короткі технічні характеристики Формат: A4 (216х297мм) / швидкість: фото 10х15 - 21 сек. / Матриця: CIS / дозвіл: опт. до 2400 т / д, покращене до 19200 т / д / глибина кольору: 48 біт / інтерфейс: USB 2.0\r\nОсновні характеристики\r\nТип Планшетний\r\nДозвіл при скануванні До 2400 т / д\r\nОптичний дозвіл до 2400 т / д\r\nМаксимальний розмір документа A4\r\nІнтерфейс USB 2.0</p>', '<p>Короткі технічні характеристики Формат: A4 (216х297мм) / швидкість: фото 10х15 - 21 сек. / Матриця: CIS / дозвіл: опт. до 2400 т / д, покращене до 19200 т / д / глибина кольору: 48 біт / інтерфейс: USB 2.0\r\nОсновні характеристики\r\nТип Планшетний\r\nДозвіл при скануванні До 2400 т / д\r\nОптичний дозвіл до 2400 т / д\r\nМаксимальний розмір документа A4\r\nІнтерфейс USB 2.0\r\nшвидкість сканування\r\nСканування кольорової сторінки А4 21 сек\r\nСканування в кольоровому режимі 30 сек\r\nСканування в чорно-білому режимі 21 сек\r\nпрограмне забезпечення\r\nПрограмне забезпечення Windows: програмне забезпечення сканування HP (включаючи оптичне розпізнавання символів); Mac: програмне забезпечення HP Scanjet (включаючи оптичне розпізнавання символів); ArcSoft PhotoStudio v6; Windows / Mac: програма оптичного розпізнавання символів (OCR) Readiris\r\nМінімальні вимоги до системи Windows 8, Windows 7, Windows Vista, Windows XP Service Pack 2 або пізнішої версії (тільки 32-розрядна), Mac OS X 10.6.8, OS X Lion, OS X Mountain Lion або пізнішої версії\r\nдодаткові характеристики\r\nСпоживана потужність 2,5 Вт\r\nСпоживана потужність (режим очікування) 0,5 Вт\r\nРозміри 373 x 274 x 44,5 мм\r\nВага 1,76 кг\r\nРобоча температура (low / high ° С) 10 до 35 ° C\r\nКомплектація Планшетний фотосканер HP Scanjet 200, посібник з встановлення, привід компакт-дисків, рекламні листівки, гарантійний талон / карта, 1 кабель Mini-USB\r\nГарантія\r\nГарантія 12 міс.\r\nХто підтримує Сервісні центри по території України\r\nВиробник\r\nбренд HP\r\nХарактеристики та комплектація товару можуть змінюватися виробником без повідомлення. Магазин не несе відповідальності за зміни, внесені виробником.</p>', '1', '0', '0', '1', 1526, '2014-11-12', ''),
(30, 'Сканери', 'Ключові', 'Описування', 'sk1.jpg', 25, '<p>характеристики\r\nноменклатура\r\nНайменування сканер GT-1500\r\nКод товару (PartNumber) B11B181021\r\nОсновні характеристики\r\nТип Планшетний кольоровий сканер\r\nДжерело світла Білі світлодіоди\r\nДозвіл при скануванні 1200x2400 dpi 4800x4800 dpi (покращене)\r\nМаксимальний розмір документа А4\r\nІнтерфейс USB 2.0 High speed</p>', '<p>характеристики\r\nноменклатура\r\nНайменування сканер GT-1500\r\nКод товару (PartNumber) B11B181021\r\nОсновні характеристики\r\nТип Планшетний кольоровий сканер\r\nДжерело світла Білі світлодіоди\r\nДозвіл при скануванні 1200x2400 dpi 4800x4800 dpi (покращене)\r\nМаксимальний розмір документа А4\r\nІнтерфейс USB 2.0 High speed\r\nшвидкість сканування\r\nСканування в кольоровому режимі 12 стор / хв (A4, 300 dpi)\r\nСканування в режимі відтінків сірого 20 стор / хв (A4, 300 dpi)\r\nдодаткові характеристики\r\nСпоживана потужність 12 Вт\r\nСпоживана потужність (режим очікування) 5 Вт\r\nРозміри 470x121x318 мм\r\nвага 3900\r\nРобоча температура (low / high ° С) 5 - 35\r\nГарантія\r\nГарантія 12 міс.\r\nХто підтримує Сервісні центри по території України\r\nВиробник\r\nбренд Epson\r\nХарактеристики та комплектація товару можуть змінюватися виробником без повідомлення. Магазин не несе відповідальності за зміни, внесені виробником.</p>', '1', '1', '0', '0', 7794, '2014-11-12', ''),
(31, 'test', 'eeee', 'sss', '31.jpg', 31, '<p>\r\n	<span class="st" style="line-height: 1.4; word-wrap: break-word; color: rgb(84, 84, 84); font-family: arial, sans-serif; font-size: small; font-style: normal; font-variant: normal; font-weight: normal; letter-spacing: normal; orphans: auto; text-align: left; text-indent: 0px; text-transform: none; white-space: normal; widows: 1; word-spacing: 0px; -webkit-text-stroke-width: 0px; background-color: rgb(255, 255, 255);">Смотрите<span class="Apple-converted-space">&nbsp;</span><em style="font-weight: bold; font-style: normal; color: rgb(106, 106, 106);">онлайн</em>: все выпуски программы. Болейте за любимых участников, ... СТБ Передача<span class="Apple-converted-space">&nbsp;</span><em style="font-weight: bold; font-style: normal; color: rgb(106, 106, 106);">Зважені</em><span class="Apple-converted-space">&nbsp;</span>і<span class="Apple-converted-space">&nbsp;</span><em style="font-weight: bold; font-style: normal; color: rgb(106, 106, 106);">щасливі</em>. Смотреть<span class="Apple-converted-space">&nbsp;</span><em style="font-weight: bold; font-style: normal; color: rgb(106, 106, 106);">онлайн 4 сезон</em><span class="Apple-converted-space">&nbsp;</span>&middot; Проекты&nbsp;...</span></p>\r\n<div class="_Tib" style="color: rgb(128, 128, 128); font-family: arial, sans-serif; font-size: small; font-style: normal; font-variant: normal; font-weight: normal; letter-spacing: normal; line-height: 18px; orphans: auto; text-align: left; text-indent: 0px; text-transform: none; white-space: normal; widows: 1; word-spacing: 0px; -webkit-text-stroke-width: 0px; background-color: rgb(255, 255, 255);">\r\n	Вы посещали эту страницу несколько раз. Дата последнего посещения: 28.04.15</div>', '<p>\r\n	<span class="st" style="line-height: 1.4; word-wrap: break-word; color: rgb(84, 84, 84); font-family: arial, sans-serif; font-size: small; font-style: normal; font-variant: normal; font-weight: normal; letter-spacing: normal; orphans: auto; text-align: left; text-indent: 0px; text-transform: none; white-space: normal; widows: 1; word-spacing: 0px; -webkit-text-stroke-width: 0px; background-color: rgb(255, 255, 255);">Смотрите<span class="Apple-converted-space">&nbsp;</span><em style="font-weight: bold; font-style: normal; color: rgb(106, 106, 106);">онлайн</em>: все выпуски программы. Болейте за любимых участников, ... СТБ Передача<span class="Apple-converted-space">&nbsp;</span><em style="font-weight: bold; font-style: normal; color: rgb(106, 106, 106);">Зважені</em><span class="Apple-converted-space">&nbsp;</span>і<span class="Apple-converted-space">&nbsp;</span><em style="font-weight: bold; font-style: normal; color: rgb(106, 106, 106);">щасливі</em>. Смотреть<span class="Apple-converted-space">&nbsp;</span><em style="font-weight: bold; font-style: normal; color: rgb(106, 106, 106);">онлайн 4 сезон</em><span class="Apple-converted-space">&nbsp;</span>&middot; Проекты&nbsp;...</span></p>\r\n<div class="_Tib" style="color: rgb(128, 128, 128); font-family: arial, sans-serif; font-size: small; font-style: normal; font-variant: normal; font-weight: normal; letter-spacing: normal; line-height: 18px; orphans: auto; text-align: left; text-indent: 0px; text-transform: none; white-space: normal; widows: 1; word-spacing: 0px; -webkit-text-stroke-width: 0px; background-color: rgb(255, 255, 255);">\r\n	Вы посещали эту страницу несколько раз. Дата последнего посещения: 28.04.15</div>\r\n<div class="_Tib" style="color: rgb(128, 128, 128); font-family: arial, sans-serif; font-size: small; font-style: normal; font-variant: normal; font-weight: normal; letter-spacing: normal; line-height: 18px; orphans: auto; text-align: left; text-indent: 0px; text-transform: none; white-space: normal; widows: 1; word-spacing: 0px; -webkit-text-stroke-width: 0px; background-color: rgb(255, 255, 255);">\r\n	<span class="st" style="line-height: 1.4; word-wrap: break-word; color: rgb(84, 84, 84); font-family: arial, sans-serif; font-size: small; font-style: normal; font-variant: normal; font-weight: normal; letter-spacing: normal; orphans: auto; text-align: left; text-indent: 0px; text-transform: none; white-space: normal; widows: 1; word-spacing: 0px; -webkit-text-stroke-width: 0px; background-color: rgb(255, 255, 255);">Смотрите<span class="Apple-converted-space">&nbsp;</span><em style="font-weight: bold; font-style: normal; color: rgb(106, 106, 106);">онлайн</em>: все выпуски программы. Болейте за любимых участников, ... СТБ Передача<span class="Apple-converted-space">&nbsp;</span><em style="font-weight: bold; font-style: normal; color: rgb(106, 106, 106);">Зважені</em><span class="Apple-converted-space">&nbsp;</span>і<span class="Apple-converted-space">&nbsp;</span><em style="font-weight: bold; font-style: normal; color: rgb(106, 106, 106);">щасливі</em>. Смотреть<span class="Apple-converted-space">&nbsp;</span><em style="font-weight: bold; font-style: normal; color: rgb(106, 106, 106);">онлайн 4 сезон</em><span class="Apple-converted-space">&nbsp;</span>&middot; Проекты&nbsp;...</span>\r\n	<div class="_Tib" style="color: rgb(128, 128, 128); font-family: arial, sans-serif; font-size: small; font-style: normal; font-variant: normal; font-weight: normal; letter-spacing: normal; line-height: 18px; orphans: auto; text-align: left; text-indent: 0px; text-transform: none; white-space: normal; widows: 1; word-spacing: 0px; -webkit-text-stroke-width: 0px; background-color: rgb(255, 255, 255);">\r\n		Вы посещали эту страницу несколько раз. Дата последнего посещения: 28.04.15</div>\r\n</div>\r\n<p>\r\n	&nbsp;</p>', '1', '0', '0', '0', 123, '2015-04-29', '31_0.jpg|31_1.jpg'),
(32, 'test', 'eeee', 'sss', '32.jpg', 31, '<p>\r\n	<span class="st" style="line-height: 1.4; word-wrap: break-word; color: rgb(84, 84, 84); font-family: arial, sans-serif; font-size: small; font-style: normal; font-variant: normal; font-weight: normal; letter-spacing: normal; orphans: auto; text-align: left; text-indent: 0px; text-transform: none; white-space: normal; widows: 1; word-spacing: 0px; -webkit-text-stroke-width: 0px; background-color: rgb(255, 255, 255);">Смотрите<span class="Apple-converted-space">&nbsp;</span><em style="font-weight: bold; font-style: normal; color: rgb(106, 106, 106);">онлайн</em>: все выпуски программы. Болейте за любимых участников, ... СТБ Передача<span class="Apple-converted-space">&nbsp;</span><em style="font-weight: bold; font-style: normal; color: rgb(106, 106, 106);">Зважені</em><span class="Apple-converted-space">&nbsp;</span>і<span class="Apple-converted-space">&nbsp;</span><em style="font-weight: bold; font-style: normal; color: rgb(106, 106, 106);">щасливі</em>. Смотреть<span class="Apple-converted-space">&nbsp;</span><em style="font-weight: bold; font-style: normal; color: rgb(106, 106, 106);">онлайн 4 сезон</em><span class="Apple-converted-space">&nbsp;</span>&middot; Проекты&nbsp;...</span></p>\r\n<div class="_Tib" style="color: rgb(128, 128, 128); font-family: arial, sans-serif; font-size: small; font-style: normal; font-variant: normal; font-weight: normal; letter-spacing: normal; line-height: 18px; orphans: auto; text-align: left; text-indent: 0px; text-transform: none; white-space: normal; widows: 1; word-spacing: 0px; -webkit-text-stroke-width: 0px; background-color: rgb(255, 255, 255);">\r\n	Вы посещали эту страницу несколько раз. Дата последнего посещения: 28.04.15</div>', '<p>\r\n	<span class="st" style="line-height: 1.4; word-wrap: break-word; color: rgb(84, 84, 84); font-family: arial, sans-serif; font-size: small; font-style: normal; font-variant: normal; font-weight: normal; letter-spacing: normal; orphans: auto; text-align: left; text-indent: 0px; text-transform: none; white-space: normal; widows: 1; word-spacing: 0px; -webkit-text-stroke-width: 0px; background-color: rgb(255, 255, 255);">Смотрите<span class="Apple-converted-space">&nbsp;</span><em style="font-weight: bold; font-style: normal; color: rgb(106, 106, 106);">онлайн</em>: все выпуски программы. Болейте за любимых участников, ... СТБ Передача<span class="Apple-converted-space">&nbsp;</span><em style="font-weight: bold; font-style: normal; color: rgb(106, 106, 106);">Зважені</em><span class="Apple-converted-space">&nbsp;</span>і<span class="Apple-converted-space">&nbsp;</span><em style="font-weight: bold; font-style: normal; color: rgb(106, 106, 106);">щасливі</em>. Смотреть<span class="Apple-converted-space">&nbsp;</span><em style="font-weight: bold; font-style: normal; color: rgb(106, 106, 106);">онлайн 4 сезон</em><span class="Apple-converted-space">&nbsp;</span>&middot; Проекты&nbsp;...</span></p>\r\n<div class="_Tib" style="color: rgb(128, 128, 128); font-family: arial, sans-serif; font-size: small; font-style: normal; font-variant: normal; font-weight: normal; letter-spacing: normal; line-height: 18px; orphans: auto; text-align: left; text-indent: 0px; text-transform: none; white-space: normal; widows: 1; word-spacing: 0px; -webkit-text-stroke-width: 0px; background-color: rgb(255, 255, 255);">\r\n	Вы посещали эту страницу несколько раз. Дата последнего посещения: 28.04.15</div>\r\n<div class="_Tib" style="color: rgb(128, 128, 128); font-family: arial, sans-serif; font-size: small; font-style: normal; font-variant: normal; font-weight: normal; letter-spacing: normal; line-height: 18px; orphans: auto; text-align: left; text-indent: 0px; text-transform: none; white-space: normal; widows: 1; word-spacing: 0px; -webkit-text-stroke-width: 0px; background-color: rgb(255, 255, 255);">\r\n	<span class="st" style="line-height: 1.4; word-wrap: break-word; color: rgb(84, 84, 84); font-family: arial, sans-serif; font-size: small; font-style: normal; font-variant: normal; font-weight: normal; letter-spacing: normal; orphans: auto; text-align: left; text-indent: 0px; text-transform: none; white-space: normal; widows: 1; word-spacing: 0px; -webkit-text-stroke-width: 0px; background-color: rgb(255, 255, 255);">Смотрите<span class="Apple-converted-space">&nbsp;</span><em style="font-weight: bold; font-style: normal; color: rgb(106, 106, 106);">онлайн</em>: все выпуски программы. Болейте за любимых участников, ... СТБ Передача<span class="Apple-converted-space">&nbsp;</span><em style="font-weight: bold; font-style: normal; color: rgb(106, 106, 106);">Зважені</em><span class="Apple-converted-space">&nbsp;</span>і<span class="Apple-converted-space">&nbsp;</span><em style="font-weight: bold; font-style: normal; color: rgb(106, 106, 106);">щасливі</em>. Смотреть<span class="Apple-converted-space">&nbsp;</span><em style="font-weight: bold; font-style: normal; color: rgb(106, 106, 106);">онлайн 4 сезон</em><span class="Apple-converted-space">&nbsp;</span>&middot; Проекты&nbsp;...</span>\r\n	<div class="_Tib" style="color: rgb(128, 128, 128); font-family: arial, sans-serif; font-size: small; font-style: normal; font-variant: normal; font-weight: normal; letter-spacing: normal; line-height: 18px; orphans: auto; text-align: left; text-indent: 0px; text-transform: none; white-space: normal; widows: 1; word-spacing: 0px; -webkit-text-stroke-width: 0px; background-color: rgb(255, 255, 255);">\r\n		Вы посещали эту страницу несколько раз. Дата последнего посещения: 28.04.15</div>\r\n</div>\r\n<p>\r\n	&nbsp;</p>', '1', '0', '0', '0', 123, '2015-04-29', NULL),
(33, 'test', '', '', 'no_image.jpg', 31, '', '', '1', '0', '0', '0', 0, '2015-04-29', NULL),
(34, 'test', '', '', 'no_image.jpg', 31, '', '', '1', '0', '0', '0', 0, '2015-04-29', NULL),
(35, 'test', '', '', 'no_image.jpg', 31, '', '', '1', '0', '0', '0', 0, '2015-04-29', NULL),
(36, 'test', '', '', 'no_image.jpg', 31, '', '', '1', '0', '0', '0', 0, '2015-04-29', NULL),
(38, 'проба', '', '', 'no_image.jpg', 31, '', '', '1', '1', '1', '1', 0, '2015-05-01', '38_0.jpg|38_1.jpg|38_2.jpg'),
(39, 'проба', '', '', 'no_image.jpg', 11, '', '', '1', '0', '0', '0', 0, '2015-05-01', '39_0.jpg|39_1.jpg'),
(40, 'йцукен', '', '', 'no_image.jpg', 31, '', '', '1', '0', '0', '0', 0, '2015-05-01', '40_0.jpg|40_1.jpg');

-- --------------------------------------------------------

--
-- Структура таблицы `informers`
--

CREATE TABLE IF NOT EXISTS `informers` (
  `informer_id` tinyint(3) unsigned NOT NULL AUTO_INCREMENT,
  `informer_name` varchar(255) NOT NULL,
  `informer_position` tinyint(3) unsigned NOT NULL DEFAULT '0',
  PRIMARY KEY (`informer_id`)
) ENGINE=InnoDB  DEFAULT CHARSET=utf8 AUTO_INCREMENT=4 ;

--
-- Дамп данных таблицы `informers`
--

INSERT INTO `informers` (`informer_id`, `informer_name`, `informer_position`) VALUES
(1, 'Способи оплати', 2),
(2, 'Доставка fgv', 1),
(3, 'Інформація для вас', 3);

-- --------------------------------------------------------

--
-- Структура таблицы `links`
--

CREATE TABLE IF NOT EXISTS `links` (
  `link_id` int(10) unsigned NOT NULL AUTO_INCREMENT,
  `link_name` varchar(255) NOT NULL,
  `parent_informer` tinyint(3) unsigned NOT NULL,
  `links_position` tinyint(3) unsigned NOT NULL,
  `keywords` varchar(255) NOT NULL,
  `description` varchar(255) NOT NULL,
  `text` text NOT NULL,
  PRIMARY KEY (`link_id`)
) ENGINE=InnoDB  DEFAULT CHARSET=utf8 AUTO_INCREMENT=15 ;

--
-- Дамп данных таблицы `links`
--

INSERT INTO `links` (`link_id`, `link_name`, `parent_informer`, `links_position`, `keywords`, `description`, `text`) VALUES
(1, 'Готівковий розрахунок', 1, 1, 'Ключові статті готівковий розрахунок', 'Описування статті готівковий розрахунок', 'Текст статті готівковий розрахунок'),
(2, 'Пластиковою карткою', 1, 2, 'Ключові статті пластиковою карткою', 'Описування статті пластиковою карткою', 'Текст статті пластиковою карткою'),
(3, 'Кредит', 1, 5, 'Ключові статті кредит', 'Описування статті кредит', 'Текст статті кредит'),
(4, 'Розрахувати кредит', 1, 4, 'Ключові статті розрахувати кредит', 'Описування статті розрахувати кредит', 'Текст статті розрахувати кредит'),
(5, 'Безготівковий розрахунок', 1, 3, 'Ключові статті безготівковий розрахунок', 'Описування статті безготівковий розрахунок', 'Текст статті безготівковий розрахунок'),
(6, 'Пошта України', 2, 2, 'Ключові статті пошта України', 'Описування статті пошта України', 'Текст статті пошта України'),
(7, 'Кур''єрська служба', 2, 1, 'Ключові статті кур''єрська служба', 'Описування статті кур''єрська служба', 'Текст статті кур''єрська служба'),
(8, 'Гарантія', 3, 1, 'Ключові статті гарантія', 'Описування статті гарантія', 'Текст статті гарантія'),
(9, 'Як вибрати телефон', 3, 2, 'Ключові статті як вибрати телефон', 'Описування статті як вибрати телефон', 'Текст статті як вибрати телефон'),
(10, 'Ремонт і обслуговування', 3, 3, 'Ключові статті ремонт і обслуговування', 'Описання статті ремонт і обслуговування', 'Текст статті ремонт і обслуговування'),
(11, 'Акції та новинки', 3, 4, 'Ключові статті акції та новинки', 'Описування статті акції та новинки', 'Текст статті акції та новинки'),
(12, ' Условия доставки', 3, 5, 'Ключові статті  условия доставки', 'Описування  условия доставки', 'Текст статті  условия доставки'),
(13, 'test', 2, 0, 'Привіт!', '', ''),
(14, 'fd', 0, 0, '', '', '');

-- --------------------------------------------------------

--
-- Структура таблицы `news`
--

CREATE TABLE IF NOT EXISTS `news` (
  `news_id` int(10) unsigned NOT NULL AUTO_INCREMENT,
  `title` varchar(255) NOT NULL,
  `keywords` varchar(255) NOT NULL,
  `description` varchar(255) NOT NULL,
  `anons` text NOT NULL,
  `text` text NOT NULL,
  `data` date NOT NULL,
  PRIMARY KEY (`news_id`)
) ENGINE=InnoDB  DEFAULT CHARSET=utf8 AUTO_INCREMENT=4 ;

--
-- Дамп данных таблицы `news`
--

INSERT INTO `news` (`news_id`, `title`, `keywords`, `description`, `anons`, `text`, `data`) VALUES
(1, 'Скоро в продажі наручні компютери', '', '', 'Скоро в продажі наручні компютери\r\nСкоро в продажі наручні компютери', 'Скоро в продажі наручні компютери\r\nСкоро в продажі наручні компютери', '2015-04-10'),
(2, 'Поступили в продаж нові ноути', '', '', 'Поступили в продаж нові ноути\r\nПоступили в продаж нові ноути\r\n', 'Поступили в продаж нові ноути\r\nПоступили в продаж нові ноути', '2015-04-10'),
(3, 'Подарунки всім хто купив LENOVO', '', '', '<p>\r\n	Подарунки всім хто купив LENOVO Подарунки всім хто купив LENOVO)</p>', '<p>\r\n	Подарунки всім хто купив LENOVO Подарунки всім хто купив LENOVO</p>', '2015-04-12');

-- --------------------------------------------------------

--
-- Структура таблицы `orders`
--

CREATE TABLE IF NOT EXISTS `orders` (
  `order_id` int(10) unsigned NOT NULL AUTO_INCREMENT,
  `customer_id` int(10) unsigned NOT NULL,
  `date` datetime NOT NULL,
  `dostavka_id` tinyint(3) unsigned NOT NULL,
  `payment_id` tinyint(3) unsigned NOT NULL,
  `status` enum('0','1') NOT NULL DEFAULT '0',
  `prim` text NOT NULL,
  PRIMARY KEY (`order_id`)
) ENGINE=InnoDB  DEFAULT CHARSET=utf8 AUTO_INCREMENT=9 ;

--
-- Дамп данных таблицы `orders`
--

INSERT INTO `orders` (`order_id`, `customer_id`, `date`, `dostavka_id`, `payment_id`, `status`, `prim`) VALUES
(1, 9, '2015-03-29 17:09:36', 4, 0, '1', 'у3а'),
(2, 10, '2015-03-30 15:10:54', 2, 0, '0', 'Пошвидше!'),
(3, 10, '2015-03-30 15:23:34', 2, 0, '0', 'dsa'),
(4, 10, '2015-03-30 15:25:02', 3, 0, '1', 'cz'),
(5, 10, '2015-03-30 15:47:30', 1, 0, '0', 'dd'),
(7, 10, '2015-03-30 16:11:36', 1, 0, '0', 'df'),
(8, 11, '2015-03-30 16:13:32', 1, 0, '1', 's');

-- --------------------------------------------------------

--
-- Структура таблицы `pages`
--

CREATE TABLE IF NOT EXISTS `pages` (
  `page_id` tinyint(3) unsigned NOT NULL AUTO_INCREMENT,
  `title` varchar(255) NOT NULL,
  `keywords` varchar(255) NOT NULL,
  `description` varchar(255) NOT NULL,
  `position` tinyint(3) unsigned NOT NULL DEFAULT '0',
  `text` text NOT NULL,
  PRIMARY KEY (`page_id`)
) ENGINE=InnoDB  DEFAULT CHARSET=utf8 AUTO_INCREMENT=9 ;

--
-- Дамп данных таблицы `pages`
--

INSERT INTO `pages` (`page_id`, `title`, `keywords`, `description`, `position`, `text`) VALUES
(1, 'Про магазин', '', '', 1, '<p>\r\n	<strong>Деяк</strong><u>ий</u> текст<img alt="" height="240" src="http://ishop/userfiles/upload/images/12345.jpg" width="282" /></p>'),
(2, 'Оплата і доставка', '', '', 2, 'Деякий текст'),
(3, 'Купівля в кредит', '', '', 3, 'Деякий текст'),
(4, 'Контакти', '', '', 4, 'Деякий текст'),
(6, 'test', '2', '2', 2, '<p>\r\n	asd</p>'),
(7, 'test1', 'ывф', 'ыфв', 1, '<p>\r\n	ывак</p>'),
(8, 'ащойащзо', 'щзцозщцоуа,мзцоумц,цзулмзцулм', 'оцащцзоуащ', 2, '<p>\r\n	цлузацзщулацулазцщулацщзулазщцулазц цщу лщзцул щзцлу зщцлу зщцлу цу</p>');

-- --------------------------------------------------------

--
-- Структура таблицы `payment`
--

CREATE TABLE IF NOT EXISTS `payment` (
  `payment_id` tinyint(3) unsigned NOT NULL AUTO_INCREMENT,
  `name` varchar(255) NOT NULL,
  PRIMARY KEY (`payment_id`)
) ENGINE=InnoDB DEFAULT CHARSET=utf8 AUTO_INCREMENT=1 ;

-- --------------------------------------------------------

--
-- Структура таблицы `roles`
--

CREATE TABLE IF NOT EXISTS `roles` (
  `id_role` tinyint(3) unsigned NOT NULL AUTO_INCREMENT,
  `name_role` varchar(255) NOT NULL,
  PRIMARY KEY (`id_role`)
) ENGINE=InnoDB  DEFAULT CHARSET=utf8 AUTO_INCREMENT=3 ;

--
-- Дамп данных таблицы `roles`
--

INSERT INTO `roles` (`id_role`, `name_role`) VALUES
(1, 'Покупець'),
(2, 'Адміністратор');

-- --------------------------------------------------------

--
-- Структура таблицы `zakaz_tovar`
--

CREATE TABLE IF NOT EXISTS `zakaz_tovar` (
  `zakaz_tovar_id` int(10) unsigned NOT NULL AUTO_INCREMENT,
  `orders_id` int(11) unsigned NOT NULL,
  `goods_id` int(11) unsigned NOT NULL,
  `quantity` tinyint(4) unsigned NOT NULL,
  `name` varchar(255) NOT NULL,
  `price` float NOT NULL,
  PRIMARY KEY (`zakaz_tovar_id`)
) ENGINE=InnoDB  DEFAULT CHARSET=utf8 AUTO_INCREMENT=13 ;

--
-- Дамп данных таблицы `zakaz_tovar`
--

INSERT INTO `zakaz_tovar` (`zakaz_tovar_id`, `orders_id`, `goods_id`, `quantity`, `name`, `price`) VALUES
(1, 1, 3, 3, '', 0),
(2, 1, 1, 1, '', 0),
(3, 1, 4, 1, '', 0),
(4, 2, 3, 1, '', 0),
(5, 3, 1, 1, '', 0),
(6, 4, 11, 1, '', 0),
(7, 4, 12, 1, '', 0),
(8, 5, 11, 1, '', 0),
(10, 7, 12, 1, '', 0),
(11, 8, 12, 1, '', 0),
(12, 8, 13, 1, '', 0);

/*!40101 SET CHARACTER_SET_CLIENT=@OLD_CHARACTER_SET_CLIENT */;
/*!40101 SET CHARACTER_SET_RESULTS=@OLD_CHARACTER_SET_RESULTS */;
/*!40101 SET COLLATION_CONNECTION=@OLD_COLLATION_CONNECTION */;
